module,importer_count,importers,classification
aletheus.application_runtime.health,0,,NO_EXACT_IMPORT_FOUND
aletheus.application_runtime.lifecycle,0,,NO_EXACT_IMPORT_FOUND
aletheus.application_runtime.manifest,0,,NO_EXACT_IMPORT_FOUND
aletheus.application_runtime.models,0,,NO_EXACT_IMPORT_FOUND
aletheus.application_runtime.permissions,0,,NO_EXACT_IMPORT_FOUND
aletheus.application_runtime.sandbox,0,,NO_EXACT_IMPORT_FOUND
aletheus.application_runtime.statistics,0,,NO_EXACT_IMPORT_FOUND
aletheus.autonomic.actions,0,,NO_EXACT_IMPORT_FOUND
aletheus.autonomic.core,0,,NO_EXACT_IMPORT_FOUND
aletheus.autonomic.health,0,,NO_EXACT_IMPORT_FOUND
aletheus.autonomic.models,0,,NO_EXACT_IMPORT_FOUND
aletheus.autonomic.policies,0,,NO_EXACT_IMPORT_FOUND
aletheus.autonomic.regulator,0,,NO_EXACT_IMPORT_FOUND
aletheus.autonomic.statistics,0,,NO_EXACT_IMPORT_FOUND
aletheus.boot_registry.health,0,,NO_EXACT_IMPORT_FOUND
aletheus.boot_registry.loader,0,,NO_EXACT_IMPORT_FOUND
aletheus.boot_registry.models,0,,NO_EXACT_IMPORT_FOUND
aletheus.boot_registry.registry,0,,NO_EXACT_IMPORT_FOUND
aletheus.boot_registry.statistics,0,,NO_EXACT_IMPORT_FOUND
aletheus.boot_registry.validator,0,,NO_EXACT_IMPORT_FOUND
aletheus.boot_runtime.health,0,,NO_EXACT_IMPORT_FOUND
aletheus.boot_runtime.report,0,,NO_EXACT_IMPORT_FOUND
aletheus.boot_runtime.statistics,0,,NO_EXACT_IMPORT_FOUND
aletheus.capability_engine.cache,0,,NO_EXACT_IMPORT_FOUND
aletheus.capability_engine.enforcement,0,,NO_EXACT_IMPORT_FOUND
aletheus.cognitive_mesh.attention,0,,NO_EXACT_IMPORT_FOUND
aletheus.cognitive_mesh.awareness,0,,NO_EXACT_IMPORT_FOUND
aletheus.cognitive_mesh.context,0,,NO_EXACT_IMPORT_FOUND
aletheus.cognitive_mesh.core,0,,NO_EXACT_IMPORT_FOUND
aletheus.cognitive_mesh.health,0,,NO_EXACT_IMPORT_FOUND
aletheus.cognitive_mesh.models,0,,NO_EXACT_IMPORT_FOUND
aletheus.cognitive_mesh.registry,0,,NO_EXACT_IMPORT_FOUND
aletheus.cognitive_mesh.statistics,0,,NO_EXACT_IMPORT_FOUND
aletheus.consciousness.awareness,0,,NO_EXACT_IMPORT_FOUND
aletheus.consciousness.core,0,,NO_EXACT_IMPORT_FOUND
aletheus.consciousness.focus,0,,NO_EXACT_IMPORT_FOUND
aletheus.consciousness.health,0,,NO_EXACT_IMPORT_FOUND
aletheus.consciousness.memory,0,,NO_EXACT_IMPORT_FOUND
aletheus.consciousness.models,0,,NO_EXACT_IMPORT_FOUND
aletheus.consciousness.observation,0,,NO_EXACT_IMPORT_FOUND
aletheus.consciousness.registry,0,,NO_EXACT_IMPORT_FOUND
aletheus.consciousness.statistics,0,,NO_EXACT_IMPORT_FOUND
aletheus.constitutional_audit.core,0,,NO_EXACT_IMPORT_FOUND
aletheus.constitutional_audit.health,0,,NO_EXACT_IMPORT_FOUND
aletheus.constitutional_audit.models,0,,NO_EXACT_IMPORT_FOUND
aletheus.constitutional_audit.recorder,0,,NO_EXACT_IMPORT_FOUND
aletheus.constitutional_audit.reports,0,,NO_EXACT_IMPORT_FOUND
aletheus.constitutional_audit.search,0,,NO_EXACT_IMPORT_FOUND
aletheus.constitutional_audit.statistics,0,,NO_EXACT_IMPORT_FOUND
aletheus.constitutional_enforcement.actions,0,,NO_EXACT_IMPORT_FOUND
aletheus.constitutional_enforcement.core,0,,NO_EXACT_IMPORT_FOUND
aletheus.constitutional_enforcement.health,0,,NO_EXACT_IMPORT_FOUND
aletheus.constitutional_enforcement.models,0,,NO_EXACT_IMPORT_FOUND
aletheus.constitutional_enforcement.registry,0,,NO_EXACT_IMPORT_FOUND
aletheus.constitutional_enforcement.statistics,0,,NO_EXACT_IMPORT_FOUND
aletheus.constitutional_enforcement.violations,0,,NO_EXACT_IMPORT_FOUND
aletheus.constitutional_ledger.indexing,0,,NO_EXACT_IMPORT_FOUND
aletheus.constitutional_ledger.precedent,0,,NO_EXACT_IMPORT_FOUND
aletheus.constitutional_reasoning.core,0,,NO_EXACT_IMPORT_FOUND
aletheus.constitutional_reasoning.evidence,0,,NO_EXACT_IMPORT_FOUND
aletheus.constitutional_reasoning.explanation,0,,NO_EXACT_IMPORT_FOUND
aletheus.constitutional_reasoning.health,0,,NO_EXACT_IMPORT_FOUND
aletheus.constitutional_reasoning.models,0,,NO_EXACT_IMPORT_FOUND
aletheus.constitutional_reasoning.reasoning,0,,NO_EXACT_IMPORT_FOUND
aletheus.constitutional_reasoning.registry,0,,NO_EXACT_IMPORT_FOUND
aletheus.constitutional_reasoning.statistics,0,,NO_EXACT_IMPORT_FOUND
aletheus.constitutional_reasoning.traversal,0,,NO_EXACT_IMPORT_FOUND
aletheus.constitutional_runtime.core,0,,NO_EXACT_IMPORT_FOUND
aletheus.constitutional_runtime.decision,0,,NO_EXACT_IMPORT_FOUND
aletheus.constitutional_runtime.deliberation,0,,NO_EXACT_IMPORT_FOUND
aletheus.constitutional_runtime.health,0,,NO_EXACT_IMPORT_FOUND
aletheus.constitutional_runtime.models,0,,NO_EXACT_IMPORT_FOUND
aletheus.constitutional_runtime.principle_x,0,,NO_EXACT_IMPORT_FOUND
aletheus.constitutional_runtime.recorder,0,,NO_EXACT_IMPORT_FOUND
aletheus.constitutional_runtime.statistics,0,,NO_EXACT_IMPORT_FOUND
aletheus.contracts.adapters,0,,NO_EXACT_IMPORT_FOUND
aletheus.contracts.health,0,,NO_EXACT_IMPORT_FOUND
aletheus.contracts.interfaces,0,,NO_EXACT_IMPORT_FOUND
aletheus.contracts.lifecycle,0,,NO_EXACT_IMPORT_FOUND
aletheus.contracts.models,0,,NO_EXACT_IMPORT_FOUND
aletheus.contracts.registry,0,,NO_EXACT_IMPORT_FOUND
aletheus.contracts.statistics,0,,NO_EXACT_IMPORT_FOUND
aletheus.council_deliberation.consensus,0,,NO_EXACT_IMPORT_FOUND
aletheus.council_deliberation.core,0,,NO_EXACT_IMPORT_FOUND
aletheus.council_deliberation.evidence,0,,NO_EXACT_IMPORT_FOUND
aletheus.council_deliberation.health,0,,NO_EXACT_IMPORT_FOUND
aletheus.council_deliberation.models,0,,NO_EXACT_IMPORT_FOUND
aletheus.council_deliberation.orchestrator,0,,NO_EXACT_IMPORT_FOUND
aletheus.council_deliberation.statistics,0,,NO_EXACT_IMPORT_FOUND
aletheus.execution_engine.health,0,,NO_EXACT_IMPORT_FOUND
aletheus.execution_engine.statistics,0,,NO_EXACT_IMPORT_FOUND
aletheus.foundation.context,0,,NO_EXACT_IMPORT_FOUND
aletheus.foundation.pipeline,0,,NO_EXACT_IMPORT_FOUND
aletheus.foundation_certification.core,0,,NO_EXACT_IMPORT_FOUND
aletheus.foundation_certification.health,0,,NO_EXACT_IMPORT_FOUND
aletheus.foundation_certification.models,0,,NO_EXACT_IMPORT_FOUND
aletheus.foundation_certification.registry,0,,NO_EXACT_IMPORT_FOUND
aletheus.foundation_certification.reports,0,,NO_EXACT_IMPORT_FOUND
aletheus.foundation_certification.statistics,0,,NO_EXACT_IMPORT_FOUND
aletheus.foundation_certification.validator,0,,NO_EXACT_IMPORT_FOUND
aletheus.integration.adapters,0,,NO_EXACT_IMPORT_FOUND
aletheus.integration.contracts,0,,NO_EXACT_IMPORT_FOUND
aletheus.integration.core,0,,NO_EXACT_IMPORT_FOUND
aletheus.integration.health,0,,NO_EXACT_IMPORT_FOUND
aletheus.integration.lifecycle,0,,NO_EXACT_IMPORT_FOUND
aletheus.integration.models,0,,NO_EXACT_IMPORT_FOUND
aletheus.integration.registry,0,,NO_EXACT_IMPORT_FOUND
aletheus.integration.statistics,0,,NO_EXACT_IMPORT_FOUND
aletheus.intent_runtime.health,0,,NO_EXACT_IMPORT_FOUND
aletheus.kernel.boot,0,,NO_EXACT_IMPORT_FOUND
aletheus.kernel.contracts,0,,NO_EXACT_IMPORT_FOUND
aletheus.kernel.health,0,,NO_EXACT_IMPORT_FOUND
aletheus.kernel.lifecycle,0,,NO_EXACT_IMPORT_FOUND
aletheus.kernel.manifest,0,,NO_EXACT_IMPORT_FOUND
aletheus.kernel.scheduler,0,,NO_EXACT_IMPORT_FOUND
aletheus.kernel.services,0,,NO_EXACT_IMPORT_FOUND
aletheus.kernel.state,0,,NO_EXACT_IMPORT_FOUND
aletheus.kernel.statistics,0,,NO_EXACT_IMPORT_FOUND
aletheus.localization.core,0,,NO_EXACT_IMPORT_FOUND
aletheus.localization.formatter,0,,NO_EXACT_IMPORT_FOUND
aletheus.localization.health,0,,NO_EXACT_IMPORT_FOUND
aletheus.localization.registry,0,,NO_EXACT_IMPORT_FOUND
aletheus.localization.translator,0,,NO_EXACT_IMPORT_FOUND
aletheus.memory_mesh.memory_index,0,,NO_EXACT_IMPORT_FOUND
aletheus.memory_mesh.replication,0,,NO_EXACT_IMPORT_FOUND
aletheus.memory_mesh.semantic_cache,0,,NO_EXACT_IMPORT_FOUND
aletheus.memory_mesh.snapshot_manager,0,,NO_EXACT_IMPORT_FOUND
aletheus.memory_mesh.versioning,0,,NO_EXACT_IMPORT_FOUND
aletheus.nervous_system.dispatcher,0,,NO_EXACT_IMPORT_FOUND
aletheus.nervous_system.health,0,,NO_EXACT_IMPORT_FOUND
aletheus.nervous_system.models,0,,NO_EXACT_IMPORT_FOUND
aletheus.nervous_system.observer,0,,NO_EXACT_IMPORT_FOUND
aletheus.nervous_system.registry,0,,NO_EXACT_IMPORT_FOUND
aletheus.nervous_system.signals,0,,NO_EXACT_IMPORT_FOUND
aletheus.neural_map.contracts,0,,NO_EXACT_IMPORT_FOUND
aletheus.neural_map.core,0,,NO_EXACT_IMPORT_FOUND
aletheus.neural_map.registry,0,,NO_EXACT_IMPORT_FOUND
aletheus.opinion_framework.confidence,0,,NO_EXACT_IMPORT_FOUND
aletheus.opinion_framework.core,0,,NO_EXACT_IMPORT_FOUND
aletheus.opinion_framework.health,0,,NO_EXACT_IMPORT_FOUND
aletheus.opinion_framework.models,0,,NO_EXACT_IMPORT_FOUND
aletheus.opinion_framework.opinion,0,,NO_EXACT_IMPORT_FOUND
aletheus.opinion_framework.registry,0,,NO_EXACT_IMPORT_FOUND
aletheus.opinion_framework.statistics,0,,NO_EXACT_IMPORT_FOUND
aletheus.optimization.models,0,,NO_EXACT_IMPORT_FOUND
aletheus.optimization.optimization_core,0,,NO_EXACT_IMPORT_FOUND
aletheus.orchestrator.dependency_resolver,0,,NO_EXACT_IMPORT_FOUND
aletheus.orchestrator.event_router,0,,NO_EXACT_IMPORT_FOUND
aletheus.orchestrator.execution_plan,0,,NO_EXACT_IMPORT_FOUND
aletheus.orchestrator.mission,0,,NO_EXACT_IMPORT_FOUND
aletheus.orchestrator.policy_engine,0,,NO_EXACT_IMPORT_FOUND
aletheus.orchestrator.runtime_state,0,,NO_EXACT_IMPORT_FOUND
aletheus.orchestrator.scheduler,0,,NO_EXACT_IMPORT_FOUND
aletheus.orchestrator.statistics_v2,0,,NO_EXACT_IMPORT_FOUND
aletheus.orchestrator.supervisor,0,,NO_EXACT_IMPORT_FOUND
aletheus.platform_analyzer.analysis,0,,NO_EXACT_IMPORT_FOUND
aletheus.platform_analyzer.architecture_analysis,0,,NO_EXACT_IMPORT_FOUND
aletheus.platform_analyzer.core,0,,NO_EXACT_IMPORT_FOUND
aletheus.platform_analyzer.dependency_analysis,0,,NO_EXACT_IMPORT_FOUND
aletheus.platform_analyzer.evidence,0,,NO_EXACT_IMPORT_FOUND
aletheus.platform_analyzer.health,0,,NO_EXACT_IMPORT_FOUND
aletheus.platform_analyzer.health_analysis,0,,NO_EXACT_IMPORT_FOUND
aletheus.platform_analyzer.models,0,,NO_EXACT_IMPORT_FOUND
aletheus.platform_analyzer.recommendations,0,,NO_EXACT_IMPORT_FOUND
aletheus.platform_analyzer.reports,0,,NO_EXACT_IMPORT_FOUND
aletheus.platform_analyzer.statistics,0,,NO_EXACT_IMPORT_FOUND
aletheus.platform_api.authorization,0,,NO_EXACT_IMPORT_FOUND
aletheus.platform_api.contracts,0,,NO_EXACT_IMPORT_FOUND
aletheus.platform_api.core,0,,NO_EXACT_IMPORT_FOUND
aletheus.platform_api.health,0,,NO_EXACT_IMPORT_FOUND
aletheus.platform_api.models,0,,NO_EXACT_IMPORT_FOUND
aletheus.platform_api.registry,0,,NO_EXACT_IMPORT_FOUND
aletheus.platform_api.runtime,0,,NO_EXACT_IMPORT_FOUND
aletheus.platform_api.services,0,,NO_EXACT_IMPORT_FOUND
aletheus.platform_api.statistics,0,,NO_EXACT_IMPORT_FOUND
aletheus.platform_events.subscribers,0,,NO_EXACT_IMPORT_FOUND
aletheus.platform_governor.approvals,0,,NO_EXACT_IMPORT_FOUND
aletheus.platform_governor.constitution,0,,NO_EXACT_IMPORT_FOUND
aletheus.platform_governor.core,0,,NO_EXACT_IMPORT_FOUND
aletheus.platform_governor.evaluator,0,,NO_EXACT_IMPORT_FOUND
aletheus.platform_governor.health,0,,NO_EXACT_IMPORT_FOUND
aletheus.platform_governor.models,0,,NO_EXACT_IMPORT_FOUND
aletheus.platform_governor.policies,0,,NO_EXACT_IMPORT_FOUND
aletheus.platform_governor.registry,0,,NO_EXACT_IMPORT_FOUND
aletheus.platform_governor.statistics,0,,NO_EXACT_IMPORT_FOUND
aletheus.platform_registry.discovery,0,,NO_EXACT_IMPORT_FOUND
aletheus.platform_registry.health,0,,NO_EXACT_IMPORT_FOUND
aletheus.platform_registry.statistics,0,,NO_EXACT_IMPORT_FOUND
aletheus.platform_timeline.health,0,,NO_EXACT_IMPORT_FOUND
aletheus.platform_timeline.statistics,0,,NO_EXACT_IMPORT_FOUND
aletheus.runtime.boot.commands,0,,NO_EXACT_IMPORT_FOUND
aletheus.runtime.boot.services,0,,NO_EXACT_IMPORT_FOUND
aletheus.runtime.boot.version,0,,NO_EXACT_IMPORT_FOUND
aletheus.runtime.builder.build_core,0,,NO_EXACT_IMPORT_FOUND
aletheus.runtime.compat.adapters,0,,NO_EXACT_IMPORT_FOUND
aletheus.runtime.compat.aliases,0,,NO_EXACT_IMPORT_FOUND
aletheus.runtime.manifest.manifest_core,0,,NO_EXACT_IMPORT_FOUND
aletheus.runtime_supervisor.registry,0,,NO_EXACT_IMPORT_FOUND
aletheus.sdk.contracts,0,,NO_EXACT_IMPORT_FOUND
aletheus.sdk.evaluation,0,,NO_EXACT_IMPORT_FOUND
aletheus.sdk.lifecycle,0,,NO_EXACT_IMPORT_FOUND
aletheus.sdk.manifest,0,,NO_EXACT_IMPORT_FOUND
aletheus.sdk.permissions,0,,NO_EXACT_IMPORT_FOUND
aletheus.sdk.runtime,0,,NO_EXACT_IMPORT_FOUND
aletheus.sdk.storage,0,,NO_EXACT_IMPORT_FOUND
aletheus.self_assembly.bootstrap,0,,NO_EXACT_IMPORT_FOUND
aletheus.self_assembly.discovery,0,,NO_EXACT_IMPORT_FOUND
aletheus.self_assembly.health,0,,NO_EXACT_IMPORT_FOUND
aletheus.self_assembly.planner,0,,NO_EXACT_IMPORT_FOUND
aletheus.self_assembly.registry,0,,NO_EXACT_IMPORT_FOUND
aletheus.self_assembly.statistics,0,,NO_EXACT_IMPORT_FOUND
aletheus.self_assembly.verifier,0,,NO_EXACT_IMPORT_FOUND
aletheus.service_fabric.contracts,0,,NO_EXACT_IMPORT_FOUND
aletheus.service_fabric.core,0,,NO_EXACT_IMPORT_FOUND
aletheus.service_fabric.dependency_graph,0,,NO_EXACT_IMPORT_FOUND
aletheus.service_fabric.discovery,0,,NO_EXACT_IMPORT_FOUND
aletheus.service_fabric.health,0,,NO_EXACT_IMPORT_FOUND
aletheus.service_fabric.lifecycle,0,,NO_EXACT_IMPORT_FOUND
aletheus.service_fabric.models,0,,NO_EXACT_IMPORT_FOUND
aletheus.service_fabric.registry,0,,NO_EXACT_IMPORT_FOUND
aletheus.service_fabric.routing,0,,NO_EXACT_IMPORT_FOUND
aletheus.service_fabric.statistics,0,,NO_EXACT_IMPORT_FOUND
aletheus.service_fabric.topology,0,,NO_EXACT_IMPORT_FOUND
aletheus.service_manager.health,0,,NO_EXACT_IMPORT_FOUND
aletheus.service_manager.lifecycle,0,,NO_EXACT_IMPORT_FOUND
aletheus.service_manager.policies,0,,NO_EXACT_IMPORT_FOUND
aletheus.service_manager.statistics,0,,NO_EXACT_IMPORT_FOUND
aletheus.thorx_runtime.certification,0,,NO_EXACT_IMPORT_FOUND
aletheus.thorx_runtime.core,0,,NO_EXACT_IMPORT_FOUND
aletheus.thorx_runtime.grading,0,,NO_EXACT_IMPORT_FOUND
aletheus.thorx_runtime.health,0,,NO_EXACT_IMPORT_FOUND
aletheus.thorx_runtime.models,0,,NO_EXACT_IMPORT_FOUND
aletheus.thorx_runtime.recommendation,0,,NO_EXACT_IMPORT_FOUND
aletheus.thorx_runtime.relix,0,,NO_EXACT_IMPORT_FOUND
aletheus.thorx_runtime.statistics,0,,NO_EXACT_IMPORT_FOUND
aletheus.working_memory.core,0,,NO_EXACT_IMPORT_FOUND
aletheus.working_memory.health,0,,NO_EXACT_IMPORT_FOUND
aletheus.working_memory.models,0,,NO_EXACT_IMPORT_FOUND
aletheus.working_memory.registry,0,,NO_EXACT_IMPORT_FOUND
aletheus.working_memory.statistics,0,,NO_EXACT_IMPORT_FOUND
aletheus.working_memory.workspace,0,,NO_EXACT_IMPORT_FOUND
intelligence.command,0,,NO_EXACT_IMPORT_FOUND
intelligence.founder,0,,NO_EXACT_IMPORT_FOUND
intelligence.scout,0,,NO_EXACT_IMPORT_FOUND
marketplace.connectors.base,0,,NO_EXACT_IMPORT_FOUND
marketplace.connectors.sportcardspro,0,,NO_EXACT_IMPORT_FOUND
marketplace.runtime.service,0,,NO_EXACT_IMPORT_FOUND
models.asset_dna,0,,NO_EXACT_IMPORT_FOUND
models.asset_genome,0,,NO_EXACT_IMPORT_FOUND
models.portfolio,0,,NO_EXACT_IMPORT_FOUND
portfolio.allocation,0,,NO_EXACT_IMPORT_FOUND
portfolio.performance,0,,NO_EXACT_IMPORT_FOUND
portfolio.portfolio_engine,0,,NO_EXACT_IMPORT_FOUND
