path,module,package_marker,imported,referenced,classification
ui/__init__.py,ui,True,False,True,KEEP_PACKAGE_MARKER
ui/pages/__init__.py,ui.pages,True,False,True,KEEP_PACKAGE_MARKER
pipeline/context/__init__.py,pipeline.context,True,False,True,KEEP_PACKAGE_MARKER
pipeline/stages/__init__.py,pipeline.stages,True,False,True,KEEP_PACKAGE_MARKER
pipeline/workflows/__init__.py,pipeline.workflows,True,False,True,KEEP_PACKAGE_MARKER
pipeline/intake/__init__.py,pipeline.intake,True,False,True,KEEP_PACKAGE_MARKER
pipeline/processors/__init__.py,pipeline.processors,True,False,True,KEEP_PACKAGE_MARKER
pipeline/execution/__init__.py,pipeline.execution,True,False,True,KEEP_PACKAGE_MARKER
pipeline/telemetry/__init__.py,pipeline.telemetry,True,False,True,KEEP_PACKAGE_MARKER
pipeline/events/__init__.py,pipeline.events,True,False,True,KEEP_PACKAGE_MARKER
asset_core/repository/__init__.py,asset_core.repository,True,False,True,KEEP_PACKAGE_MARKER
asset_core/runtime/__init__.py,asset_core.runtime,True,False,True,KEEP_PACKAGE_MARKER
asset_core/workflows/__init__.py,asset_core.workflows,True,False,True,KEEP_PACKAGE_MARKER
asset_core/projections/__init__.py,asset_core.projections,True,False,True,KEEP_PACKAGE_MARKER
asset_core/commands/__init__.py,asset_core.commands,True,False,True,KEEP_PACKAGE_MARKER
asset_core/events/__init__.py,asset_core.events,True,False,True,KEEP_PACKAGE_MARKER
asset_core/handlers/__init__.py,asset_core.handlers,True,False,True,KEEP_PACKAGE_MARKER
core/__init__.py,core,True,True,True,KEEP_PACKAGE_MARKER
intelligence/__init__.py,intelligence,True,True,True,KEEP_PACKAGE_MARKER
intelligence/journal/__init__.py,intelligence.journal,True,False,True,KEEP_PACKAGE_MARKER
intelligence/runtime/__init__.py,intelligence.runtime,True,False,True,KEEP_PACKAGE_MARKER
intelligence/projections/__init__.py,intelligence.projections,True,False,True,KEEP_PACKAGE_MARKER
intelligence/fabric/__init__.py,intelligence.fabric,True,False,True,KEEP_PACKAGE_MARKER
intelligence/replay/__init__.py,intelligence.replay,True,False,True,KEEP_PACKAGE_MARKER
plugins/__init__.py,plugins,True,False,True,KEEP_PACKAGE_MARKER
cardhawkos/__init__.py,cardhawkos,True,False,True,KEEP_PACKAGE_MARKER
cardhawkos/boot/__init__.py,cardhawkos.boot,True,False,True,KEEP_PACKAGE_MARKER
cardhawkos/config/__init__.py,cardhawkos.config,True,False,True,KEEP_PACKAGE_MARKER
cardhawkos/runtime/__init__.py,cardhawkos.runtime,True,False,True,KEEP_PACKAGE_MARKER
cardhawkos/kernel/__init__.py,cardhawkos.kernel,True,False,True,KEEP_PACKAGE_MARKER
contracts/__init__.py,contracts,True,True,True,KEEP_PACKAGE_MARKER
contracts/messages/__init__.py,contracts.messages,True,False,True,KEEP_PACKAGE_MARKER
contracts/events/__init__.py,contracts.events,True,False,True,KEEP_PACKAGE_MARKER
marketplace/connectors/__init__.py,marketplace.connectors,True,False,True,KEEP_PACKAGE_MARKER
marketplace/providers/__init__.py,marketplace.providers,True,False,True,KEEP_PACKAGE_MARKER
marketplace/runtime/__init__.py,marketplace.runtime,True,False,True,KEEP_PACKAGE_MARKER
proofs/__init__.py,proofs,True,False,True,KEEP_PACKAGE_MARKER
proofs/spectrum_platform_analyzer/__init__.py,proofs.spectrum_platform_analyzer,True,False,False,KEEP_PACKAGE_MARKER
proofs/foundation_capability/__init__.py,proofs.foundation_capability,True,False,False,KEEP_PACKAGE_MARKER
proofs/cognitive_kernel/__init__.py,proofs.cognitive_kernel,True,False,False,KEEP_PACKAGE_MARKER
proofs/execution_graph/__init__.py,proofs.execution_graph,True,False,False,KEEP_PACKAGE_MARKER
proofs/runtime/__init__.py,proofs.runtime,True,False,False,KEEP_PACKAGE_MARKER
proofs/reason_engine/__init__.py,proofs.reason_engine,True,False,False,KEEP_PACKAGE_MARKER
proofs/canonical_identity/__init__.py,proofs.canonical_identity,True,False,False,KEEP_PACKAGE_MARKER
proofs/double_hedron/__init__.py,proofs.double_hedron,True,False,False,KEEP_PACKAGE_MARKER
proofs/constitutional_library/__init__.py,proofs.constitutional_library,True,False,False,KEEP_PACKAGE_MARKER
runtime/__init__.py,runtime,True,True,True,KEEP_PACKAGE_MARKER
runtime/workflows/__init__.py,runtime.workflows,True,False,True,KEEP_PACKAGE_MARKER
runtime/workers/__init__.py,runtime.workers,True,False,True,KEEP_PACKAGE_MARKER
runtime/jobs/__init__.py,runtime.jobs,True,False,True,KEEP_PACKAGE_MARKER
runtime/orchestrator/__init__.py,runtime.orchestrator,True,False,True,KEEP_PACKAGE_MARKER
tests/__init__.py,tests,True,False,True,KEEP_PACKAGE_MARKER
workflows/__init__.py,workflows,True,True,True,KEEP_PACKAGE_MARKER
workflows/runtime/__init__.py,workflows.runtime,True,False,True,KEEP_PACKAGE_MARKER
utils/__init__.py,utils,True,False,True,KEEP_PACKAGE_MARKER
models/__init__.py,models,True,True,True,KEEP_PACKAGE_MARKER
hawk_aeye/parsers/__init__.py,hawk_aeye.parsers,True,False,True,KEEP_PACKAGE_MARKER
hawk_aeye/runtime/__init__.py,hawk_aeye.runtime,True,False,True,KEEP_PACKAGE_MARKER
hawk_aeye/tests/__init__.py,hawk_aeye.tests,True,False,True,KEEP_PACKAGE_MARKER
hawk_aeye/ocr/__init__.py,hawk_aeye.ocr,True,False,True,KEEP_PACKAGE_MARKER
hawk_aeye/models/__init__.py,hawk_aeye.models,True,False,True,KEEP_PACKAGE_MARKER
hawk_aeye/vision/__init__.py,hawk_aeye.vision,True,False,True,KEEP_PACKAGE_MARKER
hawk_aeye/knowledge/__init__.py,hawk_aeye.knowledge,True,False,True,KEEP_PACKAGE_MARKER
hawk_aeye/preprocessing/__init__.py,hawk_aeye.preprocessing,True,False,True,KEEP_PACKAGE_MARKER
integrations/mercari/__init__.py,integrations.mercari,True,False,True,KEEP_PACKAGE_MARKER
integrations/fanatics/__init__.py,integrations.fanatics,True,False,True,KEEP_PACKAGE_MARKER
integrations/whatnot/__init__.py,integrations.whatnot,True,False,True,KEEP_PACKAGE_MARKER
integrations/comc/__init__.py,integrations.comc,True,False,True,KEEP_PACKAGE_MARKER
integrations/ebay/__init__.py,integrations.ebay,True,False,True,KEEP_PACKAGE_MARKER
integrations/sgc/__init__.py,integrations.sgc,True,False,True,KEEP_PACKAGE_MARKER
integrations/beckett/__init__.py,integrations.beckett,True,False,True,KEEP_PACKAGE_MARKER
integrations/sportscardspro/__init__.py,integrations.sportscardspro,True,False,True,KEEP_PACKAGE_MARKER
integrations/psa/__init__.py,integrations.psa,True,False,True,KEEP_PACKAGE_MARKER
styles/__init__.py,styles,True,False,True,KEEP_PACKAGE_MARKER
components/__init__.py,components,True,False,True,KEEP_PACKAGE_MARKER
components/chds/core/__init__.py,components.chds.core,True,False,True,KEEP_PACKAGE_MARKER
components/chds/shell/__init__.py,components.chds.shell,True,False,True,KEEP_PACKAGE_MARKER
components/chds/charts/__init__.py,components.chds.charts,True,False,True,KEEP_PACKAGE_MARKER
aletheus/unified_cognitive_index/__init__.py,aletheus.unified_cognitive_index,True,False,True,KEEP_PACKAGE_MARKER
aletheus/working_memory/__init__.py,aletheus.working_memory,True,False,False,KEEP_PACKAGE_MARKER
aletheus/spectrum_platform_analyzer/__init__.py,aletheus.spectrum_platform_analyzer,True,False,True,KEEP_PACKAGE_MARKER
aletheus/neural_map/__init__.py,aletheus.neural_map,True,False,False,KEEP_PACKAGE_MARKER
aletheus/autonomic/__init__.py,aletheus.autonomic,True,False,False,KEEP_PACKAGE_MARKER
aletheus/platform_governor/__init__.py,aletheus.platform_governor,True,False,True,KEEP_PACKAGE_MARKER
aletheus/cognitive_mesh/__init__.py,aletheus.cognitive_mesh,True,False,False,KEEP_PACKAGE_MARKER
aletheus/intelligence/memory/__init__.py,aletheus.intelligence.memory,True,False,True,KEEP_PACKAGE_MARKER
aletheus/intelligence/learning/__init__.py,aletheus.intelligence.learning,True,False,True,KEEP_PACKAGE_MARKER
aletheus/intelligence/prediction/__init__.py,aletheus.intelligence.prediction,True,False,True,KEEP_PACKAGE_MARKER
aletheus/intelligence/engines/__init__.py,aletheus.intelligence.engines,True,False,False,KEEP_PACKAGE_MARKER
aletheus/intelligence/registry/__init__.py,aletheus.intelligence.registry,True,False,False,KEEP_PACKAGE_MARKER
aletheus/intelligence/perception/__init__.py,aletheus.intelligence.perception,True,False,True,KEEP_PACKAGE_MARKER
aletheus/intelligence/manifests/__init__.py,aletheus.intelligence.manifests,True,False,True,KEEP_PACKAGE_MARKER
aletheus/intelligence/reports/__init__.py,aletheus.intelligence.reports,True,False,True,KEEP_PACKAGE_MARKER
aletheus/council_deliberation/__init__.py,aletheus.council_deliberation,True,False,False,KEEP_PACKAGE_MARKER
aletheus/plugins/__init__.py,aletheus.plugins,True,False,True,KEEP_PACKAGE_MARKER
aletheus/integration/__init__.py,aletheus.integration,True,False,True,KEEP_PACKAGE_MARKER
aletheus/platform_api/__init__.py,aletheus.platform_api,True,False,True,KEEP_PACKAGE_MARKER
aletheus/ctf/__init__.py,aletheus.ctf,True,False,False,KEEP_PACKAGE_MARKER
aletheus/runtime/command_handlers/__init__.py,aletheus.runtime.command_handlers,True,False,False,KEEP_PACKAGE_MARKER
aletheus/runtime/boot/__init__.py,aletheus.runtime.boot,True,False,True,KEEP_PACKAGE_MARKER
aletheus/runtime/manifest/__init__.py,aletheus.runtime.manifest,True,False,True,KEEP_PACKAGE_MARKER
aletheus/intent_runtime/__init__.py,aletheus.intent_runtime,True,False,False,KEEP_PACKAGE_MARKER
aletheus/thorx_runtime/__init__.py,aletheus.thorx_runtime,True,False,False,KEEP_PACKAGE_MARKER
aletheus/constitutional_audit/__init__.py,aletheus.constitutional_audit,True,False,False,KEEP_PACKAGE_MARKER
aletheus/constitutional_runtime/__init__.py,aletheus.constitutional_runtime,True,False,False,KEEP_PACKAGE_MARKER
aletheus/constitutional_enforcement/__init__.py,aletheus.constitutional_enforcement,True,False,False,KEEP_PACKAGE_MARKER
aletheus/concept_collision_engine/tests/__init__.py,aletheus.concept_collision_engine.tests,True,False,False,KEEP_PACKAGE_MARKER
aletheus/runtime_registry_v2/__init__.py,aletheus.runtime_registry_v2,True,False,True,KEEP_PACKAGE_MARKER
aletheus/atlas/tests/__init__.py,aletheus.atlas.tests,True,False,False,KEEP_PACKAGE_MARKER
aletheus/nervous_system/__init__.py,aletheus.nervous_system,True,False,False,KEEP_PACKAGE_MARKER
aletheus/platform_analyzer/__init__.py,aletheus.platform_analyzer,True,False,False,KEEP_PACKAGE_MARKER
aletheus/genesis/tests/__init__.py,aletheus.genesis.tests,True,False,True,KEEP_PACKAGE_MARKER
aletheus/opinion_framework/__init__.py,aletheus.opinion_framework,True,False,False,KEEP_PACKAGE_MARKER
aletheus/localization/__init__.py,aletheus.localization,True,False,False,KEEP_PACKAGE_MARKER
aletheus/boot_registry/__init__.py,aletheus.boot_registry,True,False,False,KEEP_PACKAGE_MARKER
aletheus/constitutional_reasoning/__init__.py,aletheus.constitutional_reasoning,True,False,False,KEEP_PACKAGE_MARKER
aletheus/foundation_certification/__init__.py,aletheus.foundation_certification,True,False,False,KEEP_PACKAGE_MARKER
capability_engine/__init__.py,capability_engine,True,False,True,KEEP_PACKAGE_MARKER
cardhawk/__init__.py,cardhawk,True,False,True,KEEP_PACKAGE_MARKER
founder_ai/copilot/__init__.py,founder_ai.copilot,True,False,True,KEEP_PACKAGE_MARKER
founder_ai/runtime/__init__.py,founder_ai.runtime,True,False,True,KEEP_PACKAGE_MARKER
deal_finder/__init__.py,deal_finder,True,False,True,KEEP_PACKAGE_MARKER
deal_finder/runtime/__init__.py,deal_finder.runtime,True,False,True,KEEP_PACKAGE_MARKER
engines/__init__.py,engines,True,True,True,KEEP_PACKAGE_MARKER
engines/talon/__init__.py,engines.talon,True,False,True,KEEP_PACKAGE_MARKER
engines/perch/__init__.py,engines.perch,True,False,True,KEEP_PACKAGE_MARKER
engines/def_engine/__init__.py,engines.def_engine,True,False,True,KEEP_PACKAGE_MARKER
engines/roost/__init__.py,engines.roost,True,False,True,KEEP_PACKAGE_MARKER
engines/hawk_aeye/__init__.py,engines.hawk_aeye,True,False,True,KEEP_PACKAGE_MARKER
engines/thorx/__init__.py,engines.thorx,True,False,True,KEEP_PACKAGE_MARKER
engines/strike/__init__.py,engines.strike,True,False,True,KEEP_PACKAGE_MARKER
engines/falcon/__init__.py,engines.falcon,True,False,True,KEEP_PACKAGE_MARKER
engines/soar/__init__.py,engines.soar,True,False,True,KEEP_PACKAGE_MARKER
engines/nest/__init__.py,engines.nest,True,False,True,KEEP_PACKAGE_MARKER
ai/__init__.py,ai,True,False,True,KEEP_PACKAGE_MARKER
ai/agents/__init__.py,ai.agents,True,False,True,KEEP_PACKAGE_MARKER
ai/models/__init__.py,ai.models,True,False,True,KEEP_PACKAGE_MARKER
ai/vision/__init__.py,ai.vision,True,False,True,KEEP_PACKAGE_MARKER
ai/rag/__init__.py,ai.rag,True,False,True,KEEP_PACKAGE_MARKER
workflow/runtime/__init__.py,workflow.runtime,True,False,True,KEEP_PACKAGE_MARKER
workflow/steps/__init__.py,workflow.steps,True,False,True,KEEP_PACKAGE_MARKER
workflow/executors/__init__.py,workflow.executors,True,False,True,KEEP_PACKAGE_MARKER
diagnostics/dependency/__init__.py,diagnostics.dependency,True,False,True,KEEP_PACKAGE_MARKER
diagnostics/imports/__init__.py,diagnostics.imports,True,False,True,KEEP_PACKAGE_MARKER
applications/__init__.py,applications,True,False,True,KEEP_PACKAGE_MARKER
applications/cardhawk_foundation/__init__.py,applications.cardhawk_foundation,True,False,True,KEEP_PACKAGE_MARKER
portfolio/__init__.py,portfolio,True,True,True,KEEP_PACKAGE_MARKER
portfolio/runtime/__init__.py,portfolio.runtime,True,False,True,KEEP_PACKAGE_MARKER
portfolio/digital_twin/__init__.py,portfolio.digital_twin,True,False,True,KEEP_PACKAGE_MARKER
command_center/runtime/__init__.py,command_center.runtime,True,False,True,KEEP_PACKAGE_MARKER
card_hawk/intelligence/context/__init__.py,card_hawk.intelligence.context,True,False,True,KEEP_PACKAGE_MARKER
card_hawk/intelligence/core/__init__.py,card_hawk.intelligence.core,True,False,True,KEEP_PACKAGE_MARKER
card_hawk/intelligence/prediction/__init__.py,card_hawk.intelligence.prediction,True,False,True,KEEP_PACKAGE_MARKER
card_hawk/intelligence/workflows/__init__.py,card_hawk.intelligence.workflows,True,False,True,KEEP_PACKAGE_MARKER
card_hawk/intelligence/agents/__init__.py,card_hawk.intelligence.agents,True,False,True,KEEP_PACKAGE_MARKER
card_hawk/intelligence/evolution/__init__.py,card_hawk.intelligence.evolution,True,False,True,KEEP_PACKAGE_MARKER
card_hawk/intelligence/orchestration/__init__.py,card_hawk.intelligence.orchestration,True,False,True,KEEP_PACKAGE_MARKER
card_hawk/intelligence/governance/__init__.py,card_hawk.intelligence.governance,True,False,True,KEEP_PACKAGE_MARKER
card_hawk/intelligence/command_center/__init__.py,card_hawk.intelligence.command_center,True,False,True,KEEP_PACKAGE_MARKER
card_hawk/intelligence/decision/__init__.py,card_hawk.intelligence.decision,True,False,True,KEEP_PACKAGE_MARKER
card_hawk/intelligence/strategy/__init__.py,card_hawk.intelligence.strategy,True,False,True,KEEP_PACKAGE_MARKER
card_hawk/autonomous/ecosystem/__init__.py,card_hawk.autonomous.ecosystem,True,False,True,KEEP_PACKAGE_MARKER
card_hawk/vault/__init__.py,card_hawk.vault,True,False,True,KEEP_PACKAGE_MARKER
negotiation/runtime/__init__.py,negotiation.runtime,True,False,True,KEEP_PACKAGE_MARKER
jobs/__init__.py,jobs,True,False,True,KEEP_PACKAGE_MARKER
jobs/runtime/__init__.py,jobs.runtime,True,False,True,KEEP_PACKAGE_MARKER
jobs/system/__init__.py,jobs.system,True,False,True,KEEP_PACKAGE_MARKER
genome/intelligence/__init__.py,genome.intelligence,True,False,True,KEEP_PACKAGE_MARKER
genome/runtime/__init__.py,genome.runtime,True,False,True,KEEP_PACKAGE_MARKER
timeline/runtime/__init__.py,timeline.runtime,True,False,True,KEEP_PACKAGE_MARKER
timeline/storage/__init__.py,timeline.storage,True,False,True,KEEP_PACKAGE_MARKER
timeline/engine/__init__.py,timeline.engine,True,False,True,KEEP_PACKAGE_MARKER
engine/__init__.py,engine,True,True,True,KEEP_PACKAGE_MARKER
engine/intelligence/__init__.py,engine.intelligence,True,False,True,KEEP_PACKAGE_MARKER
engine/hawk_a_eye/__init__.py,engine.hawk_a_eye,True,False,True,KEEP_PACKAGE_MARKER
engine/prediction/__init__.py,engine.prediction,True,False,True,KEEP_PACKAGE_MARKER
engine/portfolio/__init__.py,engine.portfolio,True,False,True,KEEP_PACKAGE_MARKER
engine/automation/__init__.py,engine.automation,True,False,True,KEEP_PACKAGE_MARKER
engine/thorx/__init__.py,engine.thorx,True,False,True,KEEP_PACKAGE_MARKER
engine/valuation/__init__.py,engine.valuation,True,False,True,KEEP_PACKAGE_MARKER
falcon/__init__.py,falcon,True,False,True,KEEP_PACKAGE_MARKER
falcon/runtime/__init__.py,falcon.runtime,True,False,True,KEEP_PACKAGE_MARKER
falcon/models/__init__.py,falcon.models,True,False,True,KEEP_PACKAGE_MARKER
decision_engine/__init__.py,decision_engine,True,True,True,KEEP_PACKAGE_MARKER
decision_engine/runtime/__init__.py,decision_engine.runtime,True,False,True,KEEP_PACKAGE_MARKER
decision_engine/models/__init__.py,decision_engine.models,True,False,True,KEEP_PACKAGE_MARKER
nest/__init__.py,nest,True,False,True,KEEP_PACKAGE_MARKER
nest/runtime/__init__.py,nest.runtime,True,False,True,KEEP_PACKAGE_MARKER
nest/models/__init__.py,nest.models,True,False,True,KEEP_PACKAGE_MARKER
services/__init__.py,services,True,True,True,KEEP_PACKAGE_MARKER
orchestrator/__init__.py,orchestrator,True,True,True,KEEP_PACKAGE_MARKER
orchestrator/runtime/__init__.py,orchestrator.runtime,True,False,True,KEEP_PACKAGE_MARKER
orchestrator/models/__init__.py,orchestrator.models,True,False,True,KEEP_PACKAGE_MARKER
kernel/__init__.py,kernel,True,True,True,KEEP_PACKAGE_MARKER
event_bus/__init__.py,event_bus,True,True,True,KEEP_PACKAGE_MARKER
event_bus/runtime/__init__.py,event_bus.runtime,True,False,True,KEEP_PACKAGE_MARKER
